<project xmlns="http://maven.apache.org/POM/4.0.0"
  xmlns:xsi="http://www.w3.org/2001/XMLSchema-instance"
  xsi:schemaLocation="http://maven.apache.org/POM/4.0.0
  http://maven.apache.org/maven-v4_0_0.xsd">
  <modelVersion>4.0.0</modelVersion>

  <groupId>net.java.dev.jna</groupId>
  <artifactId>jna</artifactId>
  <version>3.5.0</version>
  <packaging>jar</packaging>

  <name>Java Native Access</name>
  <description>Java Native Access</description>
  <url>https://github.com/twall/jna</url>

  <licenses>
      <license>
          <name>LGPL, version 2.1</name>
          <url>http://creativecommons.org/licenses/LGPL/2.1/</url>
          <distribution>repo</distribution>
      </license>
  </licenses>

  <scm>
    <connection>scm:git:https://github.com/twall/jna</connection>
    <developerConnection>scm:git:ssh://git@github.com/twall/jna.git</developerConnection>
    <url>https://github.com/twall/jna</url>
  </scm>

  <developers>
    <developer>
      <id>twall</id>
      <name>Timothy Wall</name>
      <roles>
        <role>Owner</role>
      </roles>
    </developer>
  </developers>

</project>